track_id,artist_name,genres,lyrics,title
TRAAABD128F429CF47,The Box Tops,classic pop&rock,,Soul Deep
TRAAKNS12903CC5198,Robben Ford,jazz&blues,,I Got Over It (Album Version)
TRAAHZP12903CA25F4,Organized Konfusion,hip-hop,,Hate
TRAAPPQ128F14961F5,The B-52's,classic pop&rock,,Wig
TRAAJNM12903CF4750,James Hunter,jazz&blues,,Cowboy Ways
TRAAIDY128F92CA454,Hot Tuna,folk,,Candy Man
TRAAIGD12903CA2F3C,Rory Block,folk,,Three Is a Crowd
TRAAIAN12903CFF16D,Horace Andy,classic pop&rock,,Thank You Lord
TRAAIHL128F92E6DDA,Boyz II Men,soul&reggae,,On Bended Knee
TRAAMFG128F92FDEA2,Natalie Cole,jazz&blues,,Take A Look  (LP Version)
TRAAGJV128F1464090,Lesley Gore,classic pop&rock,,It's My Party
TRAAGNL128F4299BF1,Glen Campbell,classic pop&rock,,I'm Gone This Time
TRAAWUH128F427F12C,The Field Mice,classic pop&rock,,When Morning Comes To Town
TRAAUMN128F4273561,Soul Asylum,classic pop&rock,,Lies Of Hate
TRAAUSW128F426646E,Horace Andy,classic pop&rock,,Musical Episode
TRAAUGD128F42734DA,Tam Tam Go!,pop,,Spanish Shuffle (Album Version)
TRAABJV128F1460C49,Lionel Richie,soul&reggae,,Tonight Will Be Alright
TRAAZQW128F93430DC,Shawn Colvin,folk,,Another Long One
TRAAZGC12903CB5DFB,The Jeff Healey Band,classic pop&rock,,Hoochie Coochie Man
TRAAZIE128F427961E,Danny Wilson,classic pop&rock,,The Second Summer Of Love
TRAADOF12903CAA1C1,John Hammond,folk,,I Can't Be Satisfied
TRAADLX128F1469250,Loudon Wainwright III,folk,,Human Cannonball
TRAADNA128F9331246,Stevie Ray Vaughan,jazz&blues,,Crossfire
TRAADQX128F422B4CF,Casiotone For The Painfully Alone,dance&electronica,,Nashville Parthenon
TRAADHS12903CE70A9,Jacob Young,jazz&blues,,In A Subtle Way
TRAACPE128F421C1B9,Terry Callier,classic pop&rock,,Do You Finally Need A Friend
TRAYYGG128F1483C70,Shawn Colvin,folk,,These Four Walls
TRAYJOQ128F42AD10C,Dale Hawkins,classic pop&rock,,Wish I Hadn't Called Home
TRAYJLA128F4267A6A,The Chap,classic pop&rock,,They Have a Name
TRAYGYF128F930CA01,Solas,folk,,Clothes Of Sand
TRAYWVN128F42B972B,Terry Callier,classic pop&rock,,Holdin' On
TRAYTDZ128F93146E3,Stevie Ray Vaughan And Double Trouble,jazz&blues,,Mary Had A Little Lamb
TRAYEKM128F92FB049,Donna The Buffalo,folk,,Each & Every Direction
TRAYBNV128F92E272B,Jeff Beck,classic pop&rock,,Angel [Footsteps] (Album Version)
TRAYBNB12903CE2D9D,Cyril Pahinui,folk,,Mauna Loa (Vocal)
TRAYZLG128F92F3BCD,Mikey Dread,classic pop&rock,,Quest for Oneness
TRAYLOZ12903CF2EBA,Sharon Shannon_ Carol Keogh,folk,,Summer Sands (feat. Carol Keogh)
TRAYDJL128F145F261,Suzi Quatro,classic pop&rock,,Too Big
TRAYVNF128F42986EC,Dub Pistols feat. TK & JMS,dance&electronica,,Open (Koobas Koobatronmix)
TRAYVCS12903CE1ED8,Buju Banton,soul&reggae,,Excerpt Of A Speech By Marcus Mosiah Garvey
TRAKKTE128F934B0D9,THE CHIFFONS,classic pop&rock,,One Fine Day
TRAKKCL128F92FAE59,Livingston Taylor,folk,,Tell Jesus [To Come To My House]
TRAKKLW128F9317389,R. Carlos Nakai,folk,,In A Distant Place (World)
TRAKHFI128F1475133,Fontella Bass,classic pop&rock,,You've Lost That Lovin' Feelin'
TRAKPET128F92FD69F,Humble Pie,classic pop&rock,,Lonely No More
TRAKRXM128F4250E33,Bob Marley,soul&reggae,,Corner Stone
TRAKRQS128F4238518,Ayo,soul&reggae,,Welcome Into My World
TRAKRUY128F92FB943,R. Carlos Nakai,folk,,Canyon People (World)
TRAKGRM128F149DAFB,Robben Ford,jazz&blues,,The Champ
TRAKUNC128F147C549,Soul Asylum,classic pop&rock,,Freaks (Album Version)
TRAKBAS128F427F12A,The Field Mice,classic pop&rock,,Below The Stars
TRAKCAC128F146E773,Bob Marley & The Wailers,soul&reggae,,Cry On (Acoustic Demo)
TRAKCPH128F930F9CD,Johannes Linstead,folk,,Guayabera
TRAKVLY128F426E6AD,THE CHIFFONS,classic pop&rock,,Did You Ever Go Steady
TRAKVQI12903CB7343,Jackie Wilson,classic pop&rock,,I'm Wanderin'
TRAHKGQ128F1458CAB,Brand X,classic pop&rock,,Collapsar
TRAHHSV128F42374E3,John Stevens,jazz&blues,,I Only Have Eyes For You (Album Version)
TRAHPUC128F92D1EC3,Hot Tuna,folk,,Death Don't Have No Mercy
TRAHPKH128F423764D,Ben E. King,classic pop&rock,,You Made The Difference To My Life (LP Version)
TRAHSYA128F428143A,Screamin' Jay Hawkins,classic pop&rock,,I Put a Spell on You
TRAHFQG128F149892A,Terry Callier,classic pop&rock,,Satin Doll
TRAHFYH128F92CE223,Trivium,metal,,Shogun [with fade_ for special edition]
TRAHFSC128F92EACAB,The Chieftains,folk,,The Raggle Taggle Gypsy
TRAHXBP128F92E7528,Donna The Buffalo,folk,,Garden Of Eden
TRAHXZJ128F930C784,Seamus Egan,folk,,McDermott's Fancy / Swans Among The Rushes / Chicago / The Swallow's Nest - (jig)
TRAHGMV128F92CD444,Casiotone For The Painfully Alone,dance&electronica,,Town Topic (Instrumental)
TRAHGGH128F425529F,Vusi Mahlasela,folk,,Pata Pata
TRAHWNG128F932AFB7,Ayo,soul&reggae,,Down On My Knees
TRAHUCB128F930E732,Marisela,pop,,Un Amor En El Olvido
TRAHUWM128F42801C0,Keb' Mo',classic pop&rock,,I'm Amazing
TRAHOUO12903CB8F75,The Del McCoury Band,folk,,Rain Please Go Away
TRAHBWK12903D0044A,Burning Spear,classic pop&rock,,Walking In Dub
TRAHZOF12903CF3F75,Jacob Young,jazz&blues,,Print
TRAHZAL128F9323495,The Jets & The Sharks & Leonard Bernstein&The New York Philharmonic Orchestra,punk,,The Dance at The Gym
TRAHCRI128F4255C6E,Asleep At The Wheel,folk,,Let Me Go Home Whiskey
TRAHVZW128F146477A,Between The Buried And Me,metal,,Use Of A Weapon (Album Version)
TRAHVBF12903CB81F3,The Del McCoury Band,folk,,Gone But Not Forgotten
TRAHVVX128F4273BCC,The Flies,classic pop&rock,,All Too Human
TRAPADM128F92CD44E,Casiotone For The Painfully Alone,dance&electronica,,Bad People
TRAPKBI128F92F9D33,Tom Petty And The Heartbreakers,classic pop&rock,,Christmas All Over Again
TRAPHPB12903CFE973,Mikey Dread,classic pop&rock,,Livin in the Jungle
TRAPSHW128F14560A6,J.J. Cale,classic pop&rock,,Losers
TRAPIJO128EF3681CA,Simply Red,classic pop&rock,,A Song For You (Live)
TRAPRGZ12903CB7132,Johnny Nash,classic pop&rock,,I See God
TRAPNQA128F1498B56,Pat Metheny / Charlie Haden,jazz&blues,,Message To A Friend
TRAPUED128F92C5741,Grachan Moncur III,jazz&blues,,Monk In Wonderland (2008 Digital Remaster) (Rudy Van Gelder Edition)
TRAPZZJ12903CC5190,Robben Ford,jazz&blues,,Ain't Got Nothin' But The Blues (Album Version)
TRAPZAW128F930FEEF,The Waybacks,folk,,McHattie's Waltz
TRAPLYA128F14B065A,The Stooges,classic pop&rock,,Lost In The Future (False Start -#1)
TRAPLBK128F930FDB4,Boyz II Men,soul&reggae,,Motownphilly
TRAPDZK128F92F6527,Karan Casey,folk,,Sliabh Geal gCua
TRAPDQG128F93018C0,Becoming The Archetype,metal,,End Of The Age
TRAPCHT128F4239830,Trivium,metal,,The Deceived
TRAPCDF128F425C03E,Asleep At The Wheel,folk,,I Hate Christmas
TRASPAS128E078DFB3,Bob Marley & The Wailers,soul&reggae,,Smile Jamaica
TRASSJE128F427927A,Benga,soul&reggae,,Zero M2
TRASIVA128F933DB52,Boyz II Men,soul&reggae,,In My Life
TRASMYK12903CAA1B7,John Hammond,folk,,Southbound Blues
TRASMWP128F92CE9CE,Sam Baker,folk,,I Can't Break Away
TRASFAV128F93428A4,Loudon Wainwright III,folk,,Rowena
TRASFIH128F92F35EF,Sizzla,soul&reggae,,Care
TRASGQX128F932516C,The Robert Cray Band,classic pop&rock,,Phone Booth
TRASWVM12903CA5601,Beenie Man,soul&reggae,,Million Gal
TRASTIS128F92FA998,Eri Esittäjiä,classical,,Dawn
TRASOHB128F92D88B6,Johannes Linstead,folk,,Caja De Cerillas
TRASZML128F42358CD,Between The Buried And Me,metal,,Prequel To The Sequel (Album Version)
TRASZVC128F1485291,THE CHIFFONS,classic pop&rock,,The Heavenly Place
TRASCTM128F92F6F3A,Irma Thomas,classic pop&rock,,Hold Me While I Cry
TRAJHHJ128F4279625,Danny Wilson,classic pop&rock,,Never Gonna Be The Same
TRAJHCO128F42570C1,Beenie Man Featuring Janet Jackson,soul&reggae,,Feel It Boy (Deep Dish Danchall Remix) (Feat. Janet Jackson)
TRAJHDR128F92FA863,Morgion,metal,,Basking Under a Blacksun Dawning
TRAJPCX12903CE8ACB,The Chap,classic pop&rock,,Gimme Legs
TRAJSCN12903D0CBAA,Enter the Haggis,folk,,Widow's Walk
TRAJSCW128F9335F78,The Chi-Lites,classic pop&rock,,Love Of My Life
TRAJSHB128F92FCC80,Stephen Marley / Damian Marley,soul&reggae,,The Traffic Jam
TRAJXNN128E078F945,Burning Spear,classic pop&rock,,Civilized Reggae
TRAJXYE128F92C9BD7,Jefferson Starship,classic pop&rock,,Let me fly
TRAJWGG12903CB81AF,The Del McCoury Band,folk,,Led By the Master's Hand
TRAJUXT128F932B03C,Buju Banton,soul&reggae,,Searching
TRAJTOI128F9335EEC,Beenie Man,soul&reggae,,Imagination
TRAJOLQ128EF346088,The Ruby Suns,classic pop&rock,,Function Of The Sun
TRAJBTZ12903CB818C,The Del McCoury Band,folk,,Asheville Turnaround
TRAJBSL128F428A021,Jim Reeves,classic pop&rock,,I Guess I'm Crazy
TRAJZXZ128F4285158,The Chieftains;Colin James,folk,,Cúnla/The Friar's Breeches
TRAJLOR128F428CCC9,Patti Smith,classic pop&rock,,Wing
TRAJDTK128F429FFDF,Jim Reeves,classic pop&rock,,I'd Like To Be
TRAJVOJ128F93135D3,Gene Chandler,classic pop&rock,,Rainbow '65 (part 2) - Live
TRAJVMY128F147BF78,Alvin Youngblood Hart,folk,,Ouachita Run (Album Version)
TRAIADF12903D0023E,Mikey Dread,classic pop&rock,,Hot Cross Bun
TRAIAUB12903CDFB3D,Bob Marley,soul&reggae,,Small Axe
TRAIYAT128F931FEA5,The Jets,punk,,Curiosity
TRAIHWC128F9331CF0,Sizzla,soul&reggae,,Love & Devotion
TRAIHSY128F1484AB6,Irma Thomas,classic pop&rock,,I'm Gonna Cry Til' My Tears Run Dry
TRAIJLI128F92FC94A,Stevie Ray Vaughan And Double Trouble,jazz&blues,,Mary Had A Little Lamb
TRAIINI128F426C8DD,Tam Tam Go!,pop,,Hypnotise The Cat
TRAIIHN128F42AA377,Vusi Mahlasela,folk,,Amdokwe
TRAIRVF128F932B0D6,Hermeto Pascoal,jazz&blues,,Little Cry For Him (Chorinho Pra Ele) (LP Version)
TRAIUSY12903CF0C92,Eluveitie,metal,,(Do)Minion
TRAIQNE128F423851B,Ayo,soul&reggae,,Life Is Real
TRAIQKO128F92E5970,Simply Red,classic pop&rock,,Maybe Someday...
TRAIQVJ128F93235B3,Robben Ford,jazz&blues,,Spoonful
TRAITOL128F148528B,THE CHIFFONS,classic pop&rock,,When Summer's Through
TRAIETL128F14B0696,The Stooges,classic pop&rock,,Studio Dialogue (#19)
TRAIDUU128F145B15D,Suzi Quatro,classic pop&rock,,Mama's Boy
TRAIVFK128F932C825,Eluveitie,metal,,A Girls Oath
TRAIVRV128F426D8A9,David Zinman;Pittsburgh Symphony Orchestra,classical,,Concerto for Orchestra (Zoroastrian Riddles) (1996)/3. Adagio non troppo
TRAIVLC12903CF3A0C,Steel Pulse,soul&reggae,,Ku Klux Klan
TRAIVMM12903CFAD62,Bob Marley,soul&reggae,,Lively Up Yourself
TRAIVMM128F4266056,Keb'Mo',classic pop&rock,,Anybody Seen My Girl
TRAMKPP128F92F6F0C,Irma Thomas,classic pop&rock,,I Gave You Everything
TRAMKKJ128F1463612,Burning Spear,classic pop&rock,,Tumble Down
TRAMPPQ128F92C2E36,Stevie Ray Vaughan And Double Trouble,jazz&blues,,Come On (Pt. III)
TRAMPCN12903CC4E5B,Big Mountain,classic pop&rock,,Where Do The Children Play? (LP Version)
TRAMGAZ128F148D4C3,J.J. Cale & Eric Clapton,classic pop&rock,,Sporting Life Blues (Album Version)
TRAMGJJ128F421487E,Lionel Richie,soul&reggae,,In My Dreams
TRAMWDI128F92FF678,Grizzly Bear,classic pop&rock,,Deep Blue Sea (Daniel Rossen home recording)
TRAMWIC128F92FCC79,Stephen Marley / Damian Marley,soul&reggae,,The Mission
TRAMNAO128F92FACF2,The Robert Cray Band,classic pop&rock,,Bad Influence
TRAMUOU12903CD599E,Natalie MacMaster,folk,,Father John Macleod's Jig
TRAMUYQ128F428CA58,Patti Smith,classic pop&rock,,Lo and Beholden
TRAMTTD128F42246F3,Gene Chandler,classic pop&rock,,Festival Of Love
TRAMEBP12903CD7EEA,Mink DeVille,classic pop&rock,,Heaven Stood Still
TRAMEQB128F42710BB,Pierre Boulez,classical,,"Pli Selon Pli (""fold according to fold"")/IV.  Improvisation sur Mallarmé III"
TRAMBYY12903CD7379,Big Star,classic pop&rock,,Till The End Of The Day (Alternate Mix)
TRAMBRA128F92D257A,The James Taylor Quartet,jazz&blues,,The Obsession
TRAMZVC128F92E0729,Red Stick Ramblers,folk,,Why_ Now Baby?
TRARKEH128F1463CB2,The Sensational Alex Harvey Band,classic pop&rock,,Delilah
TRARPCK128F92FEA7F,Grizzly Bear,classic pop&rock,,Little Brother
TRARPZT128F932AD66,Natalie Cole,jazz&blues,,The Gift
TRARJEK128F930B3AA,Stevie Ray Vaughan And Double Trouble,jazz&blues,,Couldn't Stand The Weather
TRARRER128F9328521,Brand X,classic pop&rock,,Liquid Time (composition by John Goodsall)
TRARXIQ128F9354D9C,ARRESTED DEVELOPMENT,classic pop&rock,,Since The Last Time
TRARXVP12903CF39FE,Steel Pulse,soul&reggae,,Role Model
TRARGZR128F92E28D6,Hot Tuna,folk,,Parchman Farm
TRARWSY128F92FE87E,Chris Clark,soul&reggae,,Gavel Obliterated
TRARNZV128F930CDFB,Alvin Youngblood Hart,folk,,Screamin' & Hollerin' The Blues
TRARNZA128F424EC6A,Bob Marley & The Wailers,soul&reggae,,Rainbow Country (Red Gold And Green Version)
TRARUFE128F92F5D21,R. Carlos Nakai,folk,,Blood Round Dance Song (World)
TRARQWJ128F92E9CCA,Little Feat,classic pop&rock,,Day Or Night [Live Album Version]
TRARTYI128F427E74C,The Chap,classic pop&rock,,Volumatic Spacer Device
TRARTGG128F424ABCD,Danny Wilson,classic pop&rock,,Get Happy
TRAREZN128F424E0FA,Plies,soul&reggae,,Goons Lurkin (Instrumental Album Version)
TRARBGR128F42264D1,Lesley Gore,classic pop&rock,,It's My Party
TRARVVB128F4264CEB,Alvin Youngblood Hart,folk,,Livin' In a Strain
TRAFAAS12903CF0BE2,Moonspell,metal,,Tired
TRAFJUT128F42358BC,Between The Buried And Me,metal,,Foam Born (A) The Backtrack (Album Version)
TRAFFSE128F429FB8D,Josh White,folk,,This Heart Of Mine
TRAFWGD128F422F352,Between The Buried And Me,metal,,Geek USA (Album Version)
TRAFNEI128F1458CAA,Brand X,classic pop&rock,,Hate Zone
TRAFUKW12903CD802A,Mink DeVille,classic pop&rock,,She's So Tough
TRAFCVI128C7196BE6,Steel Pulse,soul&reggae,,We Can Do It
TRAXHFE128F93065A9,Gregory Isaacs,classic pop&rock,,Out Deh
TRAXHFY128F932E4E7,Devanic,metal,,You Live_ You Die
TRAXHEX128F92D28D4,Pat Metheny,jazz&blues,,Letter from Home
TRAXPGM128F428BBA6,Natalie Cole,jazz&blues,,Don't Get Around Much Anymore
TRAXSWS128F4254E1A,ARRESTED DEVELOPMENT,classic pop&rock,,Natural (2002 Digital Remaster)
TRAXIPO128F14923B2,Carpenters,classic pop&rock,,An Old Fashioned Christmas
TRAXIES128F426C8F0,Tam Tam Go!,pop,,Belleza Pasajera
TRAXXJZ12903CF1731,Jackie Wilson,classic pop&rock,,Each Time (I Love You More)
TRAXXOL128F92E7529,Donna The Buffalo,folk,,Broken Record
TRAXNKL128F42AFD92,Soul Asylum,classic pop&rock,,Slowly Rising
TRAXULE128F9320132,Fontella Bass,classic pop&rock,,Rescue Me
TRAXUBG128F9332164,The Sonics,classic pop&rock,,Love Lights
TRAXOWL128F9343C95,Natalie Cole,jazz&blues,,Busted
TRAXBFN12903C9D50E,Sub Focus,dance&electronica,,Juno
TRAXCZO12903CB819D,The Del McCoury Band,folk,,She Can't Burn Me Now
TRAGYKT128F92F5D8A,Marisela,pop,,Loca (a/k/a Crazy) (Version Banda)
TRAGKQO128F92F0E10,James Carter,jazz&blues,,Strange Fruit
TRAGPEA128F422B47E,Casiotone For The Painfully Alone,dance&electronica,,Dying Batteries
TRAGPMR128F930C0D8,Humble Pie,classic pop&rock,,30 Days In The Hole (Live)
TRAGSOA128E078F934,Burning Spear,classic pop&rock,,It's A Long Way Around
TRAGFJM128F427E764,The Chap,classic pop&rock,,We Are Not Impartial
TRAGXBC128F148E5CC,Jean-Yves Thibaudet / Gewandhausorchester Leipzig / Herbert Blomstedt,classical,,1. Molto allegro con fuoco
TRAGGSJ128F42A5AE1,Ben E. King,classic pop&rock,,Let It Be Me
TRAGQLG128F9351109,Brian Eno And David Byrne,classic pop&rock,,The Jezebel Spirit
TRAGBMD128F429AB9D,Charlie Haden & Chris Anderson,jazz&blues,,Alone Together
TRAGLZM128F931C995,The B-52's,classic pop&rock,,Tell It Like It T-I-IS (Album Version)
TRAGCDN128F932855A,Brand X,classic pop&rock,,Zero Db (drum solo by Frank Katz)
TRAGCSY128F14546B1,The Stooges,classic pop&rock,,Not Right (Remastered LP Version)
TRAGVWF128F4230C95,Irma Thomas,classic pop&rock,,The Same Love That Made Me Laugh  [LP Version]
TRAWKXZ128F92FAD05,John Hammond,folk,,Preaching Blues (Up Jumped The Devil) (1978 Version)
TRAWHKB12903C9A7E6,Pat Metheny,jazz&blues,,Traveling Fast
TRAWHWM128F14A3AA7,Bobbie Gentry,classic pop&rock,,Miss Clara/Azusa Sue
TRAWHZE128F42AA354,Vusi Mahlasela,folk,,Miyela Afrika
TRAWHDG128F426C8E3,Tam Tam Go!,pop,,Better Ways
TRAWPQO128F14604D1,Bobbie Gentry,classic pop&rock,,Reunion
TRAWSTS128F147C316,The Robert Cray Band,classic pop&rock,,Far Away (Album Version)
TRAWIVY12903CF4A87,Dala,folk,,Alive
TRAWIFJ128F4259E47,Berlin,classic pop&rock,,Now It's My Turn (Aqualite Mix)
TRAWFLJ128F14B064D,The Stooges,classic pop&rock,,Down On The Street (False Start Take 2)
TRAWFZB128F92FFB99,Jefferson Starship,classic pop&rock,,Stairway To Cleveland
TRAWXXP128F92FE765,Steve Riley & The Mamou Playboys,folk,,Katherine
TRAWGYZ128F92C494B,Patti Smith Group,classic pop&rock,,Wave
TRAWNBV128F4279867,Johnny Nash,classic pop&rock,,Loving You
TRAWNOH128F4287513,Unkle Bob,pop,,What Do I Know
TRAWTLK12903CF4B2D,The Chi-Lites,classic pop&rock,,The Coldest Days Of My Life
TRAWOUA128F14AE2E7,Becoming The Archetype,metal,,Ex Nihilo
TRAWZLK128F930EC02,Marisela,pop,,Decidete
TRAWZYH128F422FE57,Jesus Jones,classic pop&rock,,All The Answers
TRAWVRY128F9344DA9,The Sonics,classic pop&rock,,Tall Cool One
TRANPWV128F9341281,Behemoth,metal,,He Who Breeds Pestilence
TRANSYV128F428A00C,Jim Reeves,classic pop&rock,,Mexican Joe
TRANMSR128F930C751,Seamus Egan,folk,,The Munster Cloak
TRANRLO128F92F3BE9,Mikey Dread,classic pop&rock,,Have you got a Minute to spare
TRANXOS12903CFAC35,Jesus Jones,classic pop&rock,,Real_ Real_ Real (BBC In Concert)
TRANXIR128F4255298,Vusi Mahlasela,folk,,Our Sand
TRANXBK128F9335042,Beenie Man,soul&reggae,,Once a Year
TRANUNR12903CE6E2E,Terry Callier,classic pop&rock,,Occasional Rain
TRANUEV128F4282392,Plies,soul&reggae,,I Am The Club (Explicit Album Version)
TRANTJK128F92E5935,Simply Red,classic pop&rock,,Fairground (+ Sample)
TRANEYV128F4269032,Keb' Mo',classic pop&rock,,I Am Your Mother Too
TRANEQB128F4284978,Mary Black,folk,,Katie
TRANEMQ128F42A10A8,Behemoth,metal,,No Sympathy For Fools
TRANBWB128F429FB03,Josh White,folk,,My Soul Is Gonna Live With God
TRANZDB12903CC55EF,Ben E. King,classic pop&rock,,Love Is Gonna Get You
TRANLHL12903CF88E5,Moonspell,metal,,Sacred
TRAUAMA128C71965E5,Burning Spear,classic pop&rock,,The Invasion (Aka Black Wa Da Da)
TRAUYRJ12903CE6C00,The Wiyos,folk,,Dontchaletmecatchya
TRAUKIZ128F4271C85,B.A.D.,classic pop&rock,,Chu Hsin
TRAUKNJ128F933A413,Johnny Nash,classic pop&rock,,There Are More Questions Than Answers
TRAUIHC128F427EEF9,Daniel Johnston,dance&electronica,,Oh No
TRAUMNH128F92FB67F,The Jeff Healey Band,classic pop&rock,,It Could All Get Blown Away
TRAUMHL128F930CFCB,Planxty,folk,,Junior Crehan's Favourite - Corney Is Coming
TRAUFRK128F147C548,Soul Asylum,classic pop&rock,,Don't It (make Your Troubles Seem Small) (Album Version)
TRAUFZY12903CD738A,Big Star,classic pop&rock,,Watch The Sunrise [Live at Lafayette's Music Room_ Memphis_ TN_ January 1973]
TRAUNPM12903CB7CCC,Jefferson Starship,classic pop&rock,,Fading Lady Light
TRAUTXS128F932A629,The Chi Lites,classic pop&rock,,Toby
TRAUTPD128F92F1376,Simply Red,classic pop&rock,,Thrill Me
TRAUEWN128F932C32C,Casiotone For The Painfully Alone,dance&electronica,,White Jetta
TRAUBNN128F4298B31,Buju Banton,soul&reggae,,Destiny
TRAUZTB128F422730F,The Chi-Lites,classic pop&rock,,Intro
TRAULOO12903CF47B6,Moonspell,metal,,Alma Mater
TRAUCOY128F92FD6AC,Humble Pie,classic pop&rock,,Intro/Whatcha Gonna Do about It
TRAUCBH128F4275052,Daniel Johnston,dance&electronica,,To Go Home
TRAQYVG128F92FE7E1,Loudon Wainwright III,folk,,How Old Are You
TRAQYZO12903CB818E,The Del McCoury Band,folk,,Hillcrest Drive
TRAQKZA128F9306913,Black History,soul&reggae,,Problem Inna the System
TRAQPGM128F933B997,Donna The Buffalo,folk,,Visitor
TRAQSWI128F9343039,Shawn Colvin,folk,,Cry Like An Angel
TRAQJGB128F426A9B6,Stevie Ray Vaughan And Double Trouble,jazz&blues,,The House Is Rockin'
TRAQRTB128F9332168,The Sonics,classic pop&rock,,Near My Soul
TRAQXKZ128F429D175,The Box Tops,classic pop&rock,,People Make The World
TRAQXJY12903CF3A0E,Steel Pulse,soul&reggae,,House of Love
TRAQOFP128F92FF669,Band Of Horses,classic pop&rock,,Plans (Cover Version - Original by Grizzly Bear)
TRAQEUQ128F425282E,Behemoth,metal,,Chant For Eschaton 2000
TRAQELD128F4274F52,Daniel Johnston,dance&electronica,,Come To Me Tonight
TRAQBTU128F931BB1D,Hot Club Of Cowtown,folk,,Cabiria
TRAQBRP128F92DFCEF,Simply Red,classic pop&rock,,Good Times Have Done Me Wrong (live) - exclusive version
TRAQBCD128F92EE352,Pinchers,punk,,My Heart Is Booked
TRAQZPU128F14B06DE,The Stooges,classic pop&rock,,Studio Dialogue (#26)
TRAQDUR128F931B4E9,Tom Petty,classic pop&rock,,Wildflowers (Album Version)
TRAQDXL128F4260EB8,Jeff Beck,classic pop&rock,,Head For Backstage Pass
TRATAMJ12903CA7BA9,Beenie Man,soul&reggae,,Stack and Pile
TRATYYP128F9335EE9,Beenie Man,soul&reggae,,Politrix
TRATKAA128F426E8A0,Mary Black,folk,,Say A Little Prayer
TRATPZY128F930CFD0,Planxty,folk,,Follow Me Up To Carlow
TRATSSL128F92F67BD,Gregory Isaacs,classic pop&rock,,Down the Line
TRATJXC128F93124CE,Darden Smith,folk,,Perfect Moment
TRATIQJ128F92DFA28,Dub Pistols feat. TK,dance&electronica,,Revitalise
TRATMOS128F9318337,R. Carlos Nakai,folk,,Voyagers - Improvisation 12
TRATFEN128F14A3A6E,Bobbie Gentry,classic pop&rock,,Ace Insurance Man
TRATUQR128F422F34D,Between The Buried And Me,metal,,Kickstart My Heart (Album Version)
TRATUBW128F92F3866,James Taylor Quartet,jazz&blues,,Cleo's Mood
TRATQQC128F423851A,Ayo,soul&reggae,,Down On My Knees
TRATOCH128F4285825,Mikey Dread,classic pop&rock,,Pound a Weed
TRATBYD128F92CE21A,Trivium,metal,,Into The Mouth Of Hell We March [Explicit]
TRATLTV128F92FC979,Stevie Ray Vaughan And Double Trouble,jazz&blues,,Cold Shot
TRATCAZ128F4284985,Mary Black,folk,,Sweet Love
TRATCIW128F4266325,Mikey Dread,classic pop&rock,,Rainbow Jungle (Dub / Instrumental Reggae Music)
TRAOASQ128F429822C,Suzi Quatro,classic pop&rock,,Kids Of Tragedy
TRAOYHS128F427EF8B,Daniel Johnston,dance&electronica,,Desperate Man Blues
TRAOPTT128F145837E,Danny Wilson,classic pop&rock,,Spencer-Tracey
TRAOPNO128F92CE9BC,Sam Baker,folk,,Just A Glance Away
TRAOJNB128F147C52F,Soul Asylum,classic pop&rock,,Long Day (Album Version)
TRAOIRH128F427C366,Keb' Mo',classic pop&rock,,Dangerous Mood
TRAOXEU128F4299BE5,Glen Campbell,classic pop&rock,,Woodcarver
TRAOUOI128F4290E44,Jim Reeves,classic pop&rock,,Rosa Rio
TRAOTHS12903D07021,Mick Hucknall,classic pop&rock,,I Love You More Than You'll Ever Know
TRAOVDL128F931FB30,Jackie Wilson,classic pop&rock,,If I Can't Have You
TRAOVVK128F932E4EF,Devanic,metal,,I Am
TRAEAZV12903D0CBA6,Enter the Haggis,folk,,Skyswimmer
TRAEYHF128F14B06D0,The Stooges,classic pop&rock,,T.V. Eye (Take 3)
TRAEHTK128F14A4706,Glen Campbell And Bobbie Gentry,classic pop&rock,,Mornin' Glory
TRAEIKO128F932739F,Dub Pistols feat. Lindy Layton & Rodney P,dance&electronica,,I'm In Love
TRAEGUL128E078B0C1,Randy Travis,classic pop&rock,,Wind In The Wire (Album Version)
TRAEQAB128F429C226,Bob Marley,soul&reggae,,Memphis
TRAEOMT128F92FE852,Chris Clark,soul&reggae,,Tyre
TRAEELO128F425BD8F,Avril,dance&electronica,,The Matter With You (Part I_ Ii_ Iii)
TRAELUY128F93147BA,Stevie Ray Vaughan And Double Trouble,jazz&blues,,Chitlins Con Carne
TRAELXD128F14A8B21,Randy Travis,classic pop&rock,,On The Other Hand (Remastered Album Version)
TRABYAR128F931B1A4,Robben Ford,jazz&blues,,Something For The Pain
TRABSPB12903D1337A,Asleep At The Wheel,folk,,Big Balls And Cow Town
TRABJFO128F933DD61,Gregory Isaacs,classic pop&rock,,Lady Of Your Calibre
TRABIOI12903CD8B9B,Kid Sister,soul&reggae,,Daydreaming [Jakwob Remix]
TRABIKX128F930CE4F,Ayo,soul&reggae,,Complain
TRABISL12903D08B0D,Sizzla,soul&reggae,,Too much informa
TRABXWD128F425AD1E,Beenie Man Featuring Wyclef And Redman,soul&reggae,,Love Me Now (Rockwilder Remix) (Feat. Wyclef And Redman)
TRABXFI12903CC4E89,THE CHIFFONS,classic pop&rock,,Doctor Of Hearts (Album Version)
TRABGIA128F4226F8A,Avril - Remix By Ana Rago,dance&electronica,,The Date (Remix By Ana Rago)
TRABWPT128F42B06CC,Keb' Mo',classic pop&rock,,Still There For Me
TRABNET128F14560AC,J.J. Cale,classic pop&rock,,Trouble In The City
TRABUDI128F92D0C8C,Ayo,soul&reggae,,I Love You
TRABOOL128F426E836,Mary Black,folk,,Turning Away
TRABBOP128F931B50D,Tom Petty,classic pop&rock,,A Higher Place (Album Version)
TRABZSL128F932A529,Jeff Beck,classic pop&rock,,A Day In The Life (Album Version)
TRABLVP128F426EE4A,B.A.D.,classic pop&rock,,Interlude
TRABLSO128F14A4707,Bobbie Gentry,classic pop&rock,,Courtyard
TRABDZC128F42AC23F,Neil Sedaka,classic pop&rock,,Because Of You
TRABVIH128F92EDCDA,Jude Taylor & His Burning Flames,folk,,The Thrill Is Gone
TRAZKIS12903CEED76,Solas,folk,,Lament for Frankie
TRAZHZI128F930653D,The Sensational Alex Harvey Band,classic pop&rock,,Framed
TRAZPMW12903CFAC16,Jesus Jones,classic pop&rock,,Move Mountains (BBC In Concert)
TRAZJPD128F93365B5,Beenie Man,soul&reggae,,Cross The Bridge
TRAZRKK12903CD7385,Big Star,classic pop&rock,,Thirteen [Live at Lafayette's Music Room_ Memphis_ TN_ January 1973]
TRAZFMG128F4255C6A,Asleep At The Wheel,folk,,The Son Shines Down On Me
TRAZNLA128F930A44E,R. Carlos Nakai,folk,,Red Wind (World)
TRAZEGM128F42AD0EB,Dale Hawkins,classic pop&rock,,Pretty Little Thing
TRAZBPE128F936741A,Darden Smith,folk,,Midnight Train
TRAZLLR128F42A8DCC,Ayo,soul&reggae,,These Days
TRAZLCH12903CE3D6D,Grandmaster Flash,classic pop&rock,,The King
TRAZDGU128F4234A91,Glen Campbell,classic pop&rock,,After The Glitter Fades (LP Version)
TRAZVEJ128F92EDA77,Daniel Johnston,dance&electronica,,Rock Around The Christmas Tree
TRALYCX12903CB6D4E,Séamus Egan,folk,,Poultry in the Parlour / Rolling the Ryegrass
TRALJAZ128F933DE4A,Neil Sedaka,classic pop&rock,,Superbird
TRALJGO128F9347068,Cherish The Ladies,folk,,The Shaskeen / Gan Ainm
TRALMEY128F147129F,Noel Harrison,classic pop&rock,,The Last Thing On My Mind (Previously Unissued)
TRALXGM128F92C7D26,The Chap,classic pop&rock,,What's Love Got to Do With It
TRALGWZ12903CD7336,Big Star,classic pop&rock,,Morpha Too [Alternate Mix]
TRALGWZ128F4241B20,Mikey Dread,classic pop&rock,,The Jumping Master
TRALGCL12903CE74A7,Randy Travis,classic pop&rock,,I Am Going (Album Version)
TRALWDX128F14712A5,Noel Harrison,classic pop&rock,,Sparrow (Remastered Album Version)
TRALNNE128F4264375,Academy/Marriner,classical,,Andante Cantabile (String Quartet No 1 In D Major
TRALUZM128C7196779,Jimmy Cliff,classic pop&rock,,Let's Seize The Time
TRALTZZ12903CB7DD0,Kris Kristofferson,folk,,Killer Barracuda
TRALTDA128F427D0A3,James Carter,jazz&blues,,Dodo's Bounce
TRALZXZ128F92E26EF,The Jeff Healey Band,classic pop&rock,,My Little Girl
TRALZUL128F4236D23,Sugar Ray,classic pop&rock,,Mean Machine (Remastered LP Version)
TRALZFE128F931737D,R. Carlos Nakai,folk,,Tibetan Turquoise (World)
TRADAFY12903CC7EAA,Pinchers & Ganglords,punk,,Girls Girls
TRADPPX128E078B0BC,Randy Travis,classic pop&rock,,Down At The Old Corral (Album Version)
TRADJJZ128F9341B40,Donna The Buffalo,folk,,Tides Of Time
TRADJSM128F14894AA,Little Feat,classic pop&rock,,Down On The Farm (2006 Remastered Edit Version)
TRADJTR128F423CEB8,Mikey Dread,classic pop&rock,,Two Track Dub (Dub / Instrumental Reggae Music)
TRADMAJ128F92F566E,OV7,pop,,Una na na
TRADMGC128F9306CC9,X-ecutioners,hip-hop,,Play That Beat
TRADRED12903CA4B7C,Irma Thomas,classic pop&rock,,River Is Waiting
TRADRPV128F92E4B4A,Jimmy Cliff,classic pop&rock,,Take Your Time feat. Yannick Noah
TRADFOJ128F425107D,Sizzla,soul&reggae,,Princess Black
TRADFQK128F422B492,Casiotone For The Painfully Alone,dance&electronica,,Rice Dream Girl
TRADNZM128F9300DF3,Shawn Colvin,folk,,Sunny Came Home
TRADNRG128F4295A0E,Kris Kristofferson,folk,,Darby's Castle
TRADTBA128F92CA48F,Hot Tuna,folk,,Extrication Love Song
TRACKXA12903CB6D40,Séamus Egan,folk,,McDermott's / Boys of Blue Hill
TRACPKD128F14539CD,Fort Minor (Featuring Mr. Hahn),hip-hop,,Slip Out The Back (Album Version)
TRACJWY12903CB7DBF,Kris Kristofferson,folk,,Same Old Song
TRACMCG128F92CE225,Trivium,metal,,Upon The Shores [Explicit]
TRACRBQ128F4263964,J.J. Cale,classic pop&rock,,Midnight In Memphis
TRACGOI128F92FE771,Steve Riley & The Mamou Playboys,folk,,Between Eunice & Opelousas
TRACWBO128F92F322F,Stevie Ray Vaughan And Double Trouble,jazz&blues,,Empty Arms
TRACWCV128F429D196,The Box Tops,classic pop&rock,,Neon Rainbow
TRACWEH128F1456890,Terry Callier,classic pop&rock,,Blues
TRACNAS128F14567C6,Tom Petty And The Heartbreakers,classic pop&rock,,Mary Jane's Last Dance
TRACNJR128F4262E27,John Hammond,folk,,Come To Find Out
TRACULD128F935A67B,Behemoth,metal,,Before The Æons Came
TRACUUJ128F422EFF8,Horace Andy,classic pop&rock,,Rastafari Prophecy
TRACUMR128F932C675,Soilwork,metal,,Machine Gun Majesty [Live] (Album Version)
TRACQIL128F931B8AD,Pinchers,punk,,For Your Eyes Only
TRACTHF128F4295A22,Kris Kristofferson,folk,,Road Warrior's Lament
TRACEGL12903CEE923,Seamus Egan,folk,,Lullaby
TRACCEJ128F93257ED,Daniel Johnston,dance&electronica,,Story Of An Artist (Don't Be Scared)
TRAVKGE128F92E5944,Kris Kristofferson,folk,,Snakebit
TRAVKJI12903CF479A,Moonspell,metal,,Trebraruna
TRAVKGJ12903CB81E3,The Del McCoury Band,folk,,She's Left Me Again
TRAVHTT128F14987BB,Charlie Haden,jazz&blues,,American Dreams
TRAVPOV128F429EC1B,Plies featuring Tank,soul&reggae,,You (featuring Tank) (Amended Album Version)
TRAVMYN12903CB58A2,Gene Chandler,classic pop&rock,,I Hate to Be the One to Say
TRAVMXQ128E0785F82,Chris Clark,soul&reggae,,If You Should Walk Away
TRAVROF128F421AC2D,Darden Smith,folk,,Mill Creek
TRAVFSW128F145C1D2,ARRESTED DEVELOPMENT,classic pop&rock,,Raining Revolution (Live) (Unplugged)
TRAVXII128F92FCC6D,Stephen Marley,soul&reggae,,Mind Control
TRAVXEP128F14539AE,Fort Minor,hip-hop,,Introduction (Album Version)
TRAVNST128F422EBD2,Soilwork,metal,,As The Sleeper Awakes
TRAVTIM12903C95CE6,Gregory Isaacs,classic pop&rock,,Saddam
TRAVOBO128F422B7BC,Cecilia Bartoli / International Chamber Soloists / Orchestra La Scintilla / Adam Fischer,classical,,Se un mio desir...Cedi al duo!
TRAVOPU128F9360B7D,Daniel Johnston,dance&electronica,,High Horse
TRAVZWX128F92EC110,Berlin,classic pop&rock,,Blink Of An Eye (Alternative)
TRAVLXZ128F42A22E4,Jim Reeves,classic pop&rock,,May The Good Lord Bless And Keep You
TRBASDY128F9327DB8,Danny Barnes,folk,,Big Girl Blues
TRBASHV128F92E5A7A,Stevie Ray Vaughan And Double Trouble,jazz&blues,,Ain't Gone 'N' Give Up On Love
TRBAWQK128F42743A9,Keb' Mo',classic pop&rock,,The Door
TRBANRL128F92F29EC,R. Carlos Nakai,folk,,Restless Spirits (World)
TRBAUPE128F9305DC7,Josh White,folk,,Jesus Is Gonna Make Up My Dying Bed
TRBAOPX12903CD7393,Big Star,classic pop&rock,,Slut [Live at Lafayette's Music Room_ Memphis_ TN_ January 1973]
TRBAEHW128F9316423,Eagles Of Death Metal,dance&electronica,,As Nice As I Can Be
TRBAZYH128F4288198,The Jeff Healey Band,classic pop&rock,,See The Light
TRBHYTM128F93247D6,Oui Oui,punk,,La danse des petits amis
TRBHHDU128F92FD6B5,Humble Pie,classic pop&rock,,Rude!/Drum Solo
TRBHHGM12903CFD7C3,The Sonics,classic pop&rock,,On The Road Again
TRBHSJB12903CB81AA,The Del McCoury Band,folk,,It's Surprising What the Lord Can Do
TRBHJFG128F426C8EA,Tam Tam Go!,pop,,En La Tierra Caliente
TRBHIDP128F147DE7D,Pierre Boulez,classical,,"Messiaen : Et exspecto resurrectionem mortuorum : IV ""Ils ressusciteront_ glorieux_ avec un nom nouveau"
TRBHRGD12903CA7A58,Beenie Man,soul&reggae,,Bad Man Story
TRBHXRQ128F42A713F,Dub Pistols feat. Rodney P & Terry Hall,dance&electronica,,Peaches (Fear of Theydon remix)
TRBHGUK128E078E031,Jesus Jones,classic pop&rock,,Yellow Brown
TRBHNEU128F426E873,Mary Black,folk,,Flesh And Blood
TRBHQDN128F4276D66,Eluveitie,metal,,Primordial Breath
TRBHQBF128F429FA6D,Josh White,folk,,New D.B.A. Blues
TRBHEUX128F425020D,Sharon Shannon,folk,,Gaffo's Ball
TRBHEOR128F429D1B0,The Box Tops,classic pop&rock,,I Can Dig It
TRBHBIT128F4292E42,Archie Bell and The Drells,classic pop&rock,,I've Been Trying
TRBHZFS128F93004F3,R. Carlos Nakai,folk,,Cedar and Clay (World)
TRBHLES128F92F672E,Livio Minafra,classic pop&rock,,Campane
TRBIAVU128EF3493BA,Asleep At The Wheel,folk,,The Letter That Johnny Walker Read
TRBIJMU12903CF892B,Moonspell,metal,,The Hanged Man
TRBIFAU128F9328EC4,Jonathan Edwards / Will Ferrell,folk,,Sunshine Anchorman Medley
TRBIGRZ128E0792329,Deep Blue Something,classic pop&rock,,Gammer Gerten's Needle
TRBIEUL128F4268D07,X-Ecutioners featuring Big Pun,hip-hop,,The Drama (intro)
TRBFANQ12903CB8F48,The Del McCoury Band,folk,,High On the Mountain
TRBFAMR128F9306CC5,X-ecutioners featuring Tom Tom Club & Biz Markie,hip-hop,,Genius Of Love 2002 (featuring Tom Tom Club & Biz Markie)
TRBFYJE128F14A8ABF,Steel Pulse,soul&reggae,,Man No Sober (LP Version)
TRBFKMN128F4286D1B,Behemoth,metal,,Malice
TRBFHFG128F930B5F9,Planxty,folk,,The Lakes Of Pontchartrain
TRBFHCP128F4265101,Big Audio Dynamite,classic pop&rock,,Badrock City
TRBFPVQ128F428B0D2,The Chieftains,folk,,Carolan's Concerto
TRBFMMC12903CF6047,The Sonics_ Charlie & The Tunas,classic pop&rock,,Brown Eyed Girl
TRBFGFF12903CF4183,OV7,pop,,Volvere
TRBFUPH128F426310A,Big Audio Dynamite,classic pop&rock,,Free (lp)
TRBFQPI128F4280CDA,David Guetta - Joachim Garraud - Chris Willis,dance&electronica,,Love Is Gone (Eddie Thoneick's Liberte Mix)
TRBFOZC128F14874A1,Leann Rimes & Brian McFadden,classic pop&rock,,Everybody's Someone (Gateway Mix)
TRBFBQO12903CE7ACD,Iggy And The Stooges,classic pop&rock,,Raw Power
TRBFBYF12903CFB6B4,Jackie Wilson,classic pop&rock,,One Moment With You
TRBFLOA128E078FA6A,Fontella Bass,classic pop&rock,,I Can't Rest
TRBGYVK128F426A0D6,Joey Negro,dance&electronica,,Make A Move On Me
TRBGKBZ128F931569B,Radio Birdman,punk,,Zeno Beach
TRBGTZD128EF34B6C3,Jesus Jones,classic pop&rock,,Nothing To Hold Me
TRBGEZA128F4286D23,Behemoth,metal,,Hello Space Boy
TRBGBQC12903CD7B4F,Daniel Johnston,dance&electronica,,The Story Of An Artist
TRBGBUY128F422B413,Casiotone For The Painfully Alone,dance&electronica,,Attic Room
TRBGLSW12903CE3D8A,Grandmaster Flash,classic pop&rock,,Underarms
TRBGDOU128F93341A2,Pat Metheny,jazz&blues,,Hermitage
TRBGDSJ128F931BB2B,Hot Club Of Cowtown,folk,,The Magic Violin
TRBEACH128EF341C45,Simply Red,classic pop&rock,,So Not Over You (Motivo-Pop Lectro Mix)
TRBEAWP128F422B4D1,Casiotone For The Painfully Alone,dance&electronica,,Happy Mother's Day
TRBEPTI128F4266340,Mikey Dread,classic pop&rock,,Master Mantrol (Dub / Instrumental Reggae Music)
TRBEJKW128F92FCEED,Len Barry,classic pop&rock,,Dirty Old Man
TRBEJKS128F426D823,The Chieftains,folk,,When A Man's In Love
TRBEIAM12903CF4476,Randy Travis,classic pop&rock,,Don't Take Your Love Away From Me (Album Version)
TRBEIKK128F14628D6,Lighthouse Family,classic pop&rock,,Run
TRBERUM128F148AC93,Egberto Gismonti,jazz&blues,,Baiao Malandro
TRBEUDN128F14860CE,Ultimate Tracks,classic pop&rock,,We Are The Reason - Medium key performance track w/o background vocals
TRBEUMG128F422305C,James Hunter,jazz&blues,,Class Act
TRBETVK128F4288B49,Hot Tuna,folk,,Hesitation Blues
TRBETRA128F9327DC6,Danny Barnes,folk,,Cumberland Gap
TRBELAZ128F422B87F,Ayo,soul&reggae,,Girls
TRBELYI128F147E20B,Terry Callier,classic pop&rock,,Java Sparrow
TRBECNX128F92FA80F,R. Carlos Nakai,folk,,God Rest Ye Merry Gentlemen (World)
TRBBARP128F9306CBE,X-ecutioners featuring M.O.P.,hip-hop,,Let It Bang
TRBBANU128F422B87B,Ayo,soul&reggae,,Only You
TRBBAIC12903D11771,ARRESTED DEVELOPMENT,classic pop&rock,,Greener
TRBBYFJ128F42A22D4,Jim Reeves,classic pop&rock,,Jingle Bells
TRBBJKY128F931FB24,Jackie Wilson,classic pop&rock,,It's So Fine
TRBBIPG128F92FA94D,Marisela,pop,,La Otra
TRBBMAM128F4290E48,David Zinman,classical,,Des Helden Widersacher
TRBBMAL128F146B288,Tam Tam Go!,pop,,Atrapados En La Red
TRBBRTY128F4260973,Screamin' Jay Hawkins,classic pop&rock,,Talk About Me
TRBBGFR128F427B5BD,The Chieftains,folk,,No. 6 The Coombe
TRBBGMS128F424C656,Darden Smith,folk,,Frankie & Sue
TRBBGUV128F92DFA21,Dub Pistols feat. TK & Ashley Slater,dance&electronica,,Everyday Stranger
TRBBUOJ128F92FC6F2,Behemoth,metal,,Cursed Angel Of Doom (Previously Unreleased&Re-Recorded Track)
TRBBUPS12903CFC938,Benga,soul&reggae,,The Future
TRBBQPP128F92EE611,Bob Marley & The Wailers,soul&reggae,,Three Little Birds
TRBBTUD128F42A10A3,Behemoth,metal,,Here And Beyond
TRBBOBQ12903CC5186,Robben Ford,jazz&blues,,Talk To Your Daughter (Album Version)
TRBBOUO128F92D246B,The James Taylor Quartet,jazz&blues,,Creation
TRBBLOQ128F930C9DE,Mary Black & General Humbert,folk,,Isle of St. Helena
TRBDYYN128F92F383F,James Taylor Quartet,jazz&blues,,Got To Give It Up
TRBDPSO128F930C771,Seamus Egan,folk,,Lock The Door / Get Up Old Woman And Shake Yourself / What Ail's You? - (single jig)
TRBDSWA128F92FE70A,Randy Travis,classic pop&rock,,On The Other Hand (Album Version)
TRBDSUH128F9312296,Steve Riley & The Mamou Playboys,folk,,Mari Mouri (Mary Has Died)
TRBDMNQ128F92DE877,Clannad,folk,,Cumha Eoghain Rua Ui Neill (Lament For Owen Roe)
TRBDXIX128F93256CB,Sub Focus,dance&electronica,,Follow The Light (Radio Edit)
TRBDXOD128F422C47B,Egberto Gismonti,jazz&blues,,Carta De Amor
TRBDGQU128F146607A,Suzi Quatro,classic pop&rock,,Born To Run
TRBDWRY128F427991E,Stevie Ray Vaughan And Double Trouble,jazz&blues,,Tin Pan Alley (aka Roughest Place In Town)
TRBDNGV128EF3431B5,Ayo,soul&reggae,,Watching You
TRBDTEG128F4265CC9,Bruce Robison,folk,,Trouble
TRBDBJY128F93257C3,Daniel Johnston,dance&electronica,,Walking The Cow (Hi How Are You)
TRBDDRB12903D133C5,Asleep At The Wheel,folk,,Hot Rod Lincoln
TRBCKFA128F9336580,Pinchers,punk,,Don't Do That
TRBCHIL128F4281434,Screamin' Jay Hawkins,classic pop&rock,,What's Gonna Happen On the 8th Day
TRBCPIP12903CB81D4,The Del McCoury Band,folk,,Don't You Think It's Time To Go
TRBCSLF128E0795524,Jimmy Cliff,classic pop&rock,,Million Teardrops
TRBCSMO128F9342B20,The Jets,punk,,Steppin' Out Tonight
TRBCIDU12903CA2F54,Rory Block,folk,,Blues Again
TRBCIUW128F92F6F3D,Irma Thomas,classic pop&rock,,We All Need Love
TRBCMDH128F92FA444,John Hammond,folk,,Big Boss Man
TRBCMSO128F92E6AE5,Eagles Of Death Metal,dance&electronica,,(I Used To Couldn't Dance) Tight Pants
TRBCRKZ128F4241B9E,Mikey Dread,classic pop&rock,,Your Love
TRBCWCU12903CFB6A2,Jackie Wilson,classic pop&rock,,Why Can't You Be Mine
TRBCWGM128F428D6FD,Jim Reeves,classic pop&rock,,True
TRBCOKA128F4280D91,Mikey Dread,classic pop&rock,,Problems
TRBCOEQ12903CAA1BF,John Hammond,folk,,Ain't That Loving You Baby
TRBCBXZ128F14628C3,Lighthouse Family,classic pop&rock,,Ocean Drive
TRBCZKX12903C9E64C,Iggy And The Stooges,classic pop&rock,,1969
TRBCVKL128F92CE9EF,Sam Baker,folk,,I Can't Stand It
TRBCVPD12903CECBE8,Solas,folk,,Bonnie Mae
